"jdn"	"nisanu_year"	"king"	"regnal_year"	"month"	"pd_cycle"	"confidence"	"evidence"
1493580	-624	"Nabopolassar"	1	"Addaru II"	"7/IX"	2	"P&D p. 7: a is probable, u possible, year very probable; dates 9/18/625 to 3/14/624 might be a month later"
1494495	-621	"Nabopolassar"	4	"Ululu II"	"7/XII"	3	"P&D p. 7: u and year are very probable"
1495588	-618	"Nabopolassar"	7	"Ululu II"	"7/XV"	5	"attested: Dougherty GCCI II 74"
1496681	-615	"Nabopolassar"	10	"Ululu II"	"7/XVIII"	5	"attested: Dougherty GCCI II 50"
1497419	-613	"Nabopolassar"	12	"Ululu II"	"8/I"	2	"P&D p. 7: u is probable, a possible, year very probable; dates 10/16/614 to 4/11/613 might be a month earlier"
1498511	-610	"Nabopolassar"	15	"Ululu II"	"8/IV"	5	"attested: Contenau TCL XII 199"
1499250	-608	"Nabopolassar"	17	"Ululu II"	"8/VI"	2	"P&D p. 7: u is probable, a in this or the preceding year possible; dates 3/28/609 to 9/21/609 might be a month later, 10/20/609 to 4/16/608 a month earlier"
1500519	-605	"Nabopolassar"	20	"Addaru II"	"8/IX"	5	"attested: Dougherty GCCI II 16; Contenau TCL XII 21"
1501435	-602	"Nebuchadnezzar II"	2	"Ululu II"	"8/XII"	5	"attested (P&D pl. I)"
1502350	-600	"Nebuchadnezzar II"	4	"Addaru II"	"8/XIV"	5	"attested: VAS VI 265"
1503266	-597	"Nebuchadnezzar II"	7	"Ululu II"	"8/XVII"	5	"attested: Lutz UCP IX/1 ii 10"
1504004	-595	"Nebuchadnezzar II"	9	"Ululu II"	"8/XIX"	5	"attested: Kruckmann NBRVT 197"
1505097	-592	"Nebuchadnezzar II"	12	"Ululu II"	"9/III"	3	"P&D p. 7: u and year are very probable"
1506012	-590	"Nebuchadnezzar II"	14	"Addaru II"	"9/V"	3	"P&D p. 7: a and year are very probable"
1507105	-587	"Nebuchadnezzar II"	17	"Addaru II"	"9/VIII"	5	"attested (P&D pl. I)"
1508374	-583	"Nebuchadnezzar II"	21	"Ululu II"	"9/XII"	3	"P&D p. 7: u and year are very probable"
1509291	-581	"Nebuchadnezzar II"	23	"Addaru II"	"9/XIV"	5	"attested: Keiser LCE 126; Dougherty GCCI I 45"
1510382	-578	"Nebuchadnezzar II"	26	"Addaru II"	"9/XVII"	5	"attested (P&D pl. I)"
1511121	-576	"Nebuchadnezzar II"	28	"Addaru II"	"9/XIX"	5	"attested: Lutz UCP IX/1 i 52"
1512036	-573	"Nebuchadnezzar II"	31	"Ululu II"	"10/III"	5	"attested: Kruckmann NBRVT 20; Bodleian A 91, A 95"
1512952	-571	"Nebuchadnezzar II"	33	"Addaru II"	"10/V"	5	"attested: Dougherty GCCI I 117, 125"
1514044	-568	"Nebuchadnezzar II"	36	"Addaru II"	"10/VIII"	5	"attested: Dougherty GCCI I 68, 98, 82(?); GCCI II 268"
1515669	-563	"Nebuchadnezzar II"	41	"Ululu II"	"10/XIII"	5	"attested: Kruckmann NBRVT 79, 153, 154; Dougherty GCCI I 231, 248"
1516230	-562	"Nebuchadnezzar II"	42	"Addaru II"	"10/XIV"	5	"attested: Dougherty GCCI I 138, 155, 219, 225"
1517322	-559	"Amel-Marduk"	2	"Addaru II"	"10/XVII"	5	"attested (P&D pl. I)"
1518415	-556	"Nergal-Shar-Usur"	3	"Addaru II"	"11/I"	5	"attested (P&D pl. I)"
1519153	-554	"Nabunaid"	1	"Addaru II"	"11/III"	5	"attested (P&D pl. I)"
1519891	-552	"Nabunaid"	3	"Addaru II"	"11/V"	5	"attested: Pohl NBRU II 8; Dougherty REN 13, 46"
1520985	-549	"Nabunaid"	6	"Addaru II"	"11/VIII"	5	"attested: Kruckmann NBRVT 115"
1522254	-545	"Nabunaid"	10	"Ululu II"	"11/XII"	5	"attested: Dougherty GCCI I 291, 305, 338, 354; REN 19, 139, 212"
1523169	-543	"Nabunaid"	12	"Addaru II"	"11/XIV"	5	"attested: Moore NBD 55; Kruckmann NBRVT 209; Dougherty REN (11 texts); GCCI II 371"
1524262	-540	"Nabunaid"	15	"Addaru II"	"11/XVII"	5	"attested: Dougherty REN 224"
1525532	-536	"Cyrus"	2	"Ululu II"	"12/II"	5	"attested (P&D pl. I)"
1526093	-535	"Cyrus"	3	"Addaru II"	"12/III"	5	"attested (P&D pl. I)"
1527186	-532	"Cyrus"	6	"Addaru II"	"12/VI"	5	"attested: Tremayne RECC 47"
1528101	-529	"Cyrus"	9	"Ululu II"	"12/IX"	5	"attested (P&D pl. I)"
1529194	-526	"Cambyses"	3	"Ululu II"	"12/XII"	5	"attested: Tremayne RECC 155; Kruckmann NBRVT 161; Contenau TCL XIII 155"
1530109	-524	"Cambyses"	5	"Addaru II"	"12/XIV"	5	"attested: Pohl NBRU I 77"
1531202	-521	"Cambyses"	8	"Addaru II"	"12/XVII"	5	"attested (P&D pl. I)"
1532118	-518	"Darius I"	3	"Ululu II"	"13/I"	5	"attested: Kruckmann NBRVT 165"
1533033	-516	"Darius I"	5	"Addaru II"	"13/III"	5	"attested (P&D pl. I)"
1534126	-513	"Darius I"	8	"Addaru II"	"13/VI"	5	"attested (P&D pl. I)"
1535041	-510	"Darius I"	11	"Ululu II"	"13/IX"	5	"attested (P&D pl. I)"
1535956	-508	"Darius I"	13	"Addaru II"	"13/XI"	5	"attested (P&D pl. I)"
1537049	-505	"Darius I"	16	"Addaru II"	"13/XIV"	5	"attested: Contenau TCL XIII 193; Persepolis 4303"
1537965	-502	"Darius I"	19	"Ululu II"	"13/XVII"	5	"attested: Persepolis 3158, 718"
1539234	-499	"Darius I"	22	"Addaru II"	"14/I"	5	"attested: Persepolis 11424; 1899, 5968, 9916 (doubtful)"
1539972	-497	"Darius I"	24	"Addaru II"	"14/III"	5	"attested: Persepolis 5257, 9637, 10134"
1541065	-494	"Darius I"	27	"Addaru II"	"14/VI"	5	"attested (P&D pl. I)"
1541803	-492	"Darius I"	29	"Addaru II"	"14/VIII"	2	"P&D p. 7: a is probable, u in the following year possible; dates 4/23/492 to 10/17/492 might be a month earlier"
1542896	-489	"Darius I"	32	"Addaru II"	"14/XI"	5	"attested: Teheran PT 4 639"
1543989	-486	"Darius I"	35	"Addaru II"	"14/XIV"	5	"attested (P&D pl. I)"
1544904	-483	"Xerxes"	2	"Ululu II"	"14/XVII"	5	"attested: Teheran PT 4 158, PT 4 745"
1546174	-480	"Xerxes"	5	"Addaru II"	"15/I"	5	"attested: Teheran PT 4 996"
1546912	-478	"Xerxes"	7	"Addaru II"	"15/III"	4	"unattested; P&D p. 7: may be regarded as highly probable"
1548005	-475	"Xerxes"	10	"Addaru II"	"15/VI"	4	"unattested; P&D p. 7: may be regarded as highly probable"
1548743	-473	"Xerxes"	12	"Addaru II"	"15/VIII"	5	"attested: Oriental Institute A 23304"
1549836	-470	"Xerxes"	15	"Addaru II"	"15/XI"	4	"unattested; P&D p. 7: may be regarded as highly probable"
1550928	-467	"Xerxes"	18	"Addaru II"	"15/XIV"	4	"unattested; P&D p. 7: may be regarded as highly probable"
1551844	-464	"Xerxes"	21	"Ululu II"	"15/XVII"	4	"unattested; P&D p. 7: may be regarded as highly probable"
1552760	-462	"Artaxerxes I"	2	"Addaru II"	"15/XIX"	3	"P&D p. 7: a is certain but could be in the following year; dates 4/22/462 to 4/11/461 might be a month earlier"
1553852	-459	"Artaxerxes I"	5	"Addaru II"	"16/III"	4	"unattested; P&D p. 7: may be regarded as highly probable"
1554944	-456	"Artaxerxes I"	8	"Addaru II"	"16/VI"	4	"unattested; P&D p. 7: may be regarded as highly probable"
1555683	-454	"Artaxerxes I"	10	"Addaru II"	"16/VIII"	5	"attested (P&D pl. I)"
1556775	-451	"Artaxerxes I"	13	"Addaru II"	"16/XI"	4	"unattested; P&D p. 7: may be regarded as highly probable"
1557868	-448	"Artaxerxes I"	16	"Addaru II"	"16/XIV"	4	"unattested; P&D p. 7: may be regarded as highly probable"
1558783	-445	"Artaxerxes I"	19	"Ululu II"	"16/XVII"	4	"unattested; P&D p. 7: may be regarded as highly probable"
1559699	-443	"Artaxerxes I"	21	"Addaru II"	"16/XIX"	3	"P&D p. 7: a is certain but could be in the following year; dates 4/22/443 to 4/11/442 might be a month earlier"
1560791	-440	"Artaxerxes I"	24	"Addaru II"	"17/III"	4	"unattested; P&D p. 7: may be regarded as highly probable"
1561884	-437	"Artaxerxes I"	27	"Addaru II"	"17/VI"	4	"unattested; P&D p. 7: may be regarded as highly probable"
1562623	-435	"Artaxerxes I"	29	"Addaru II"	"17/VIII"	4	"unattested; P&D p. 7: may be regarded as highly probable"
1563715	-432	"Artaxerxes I"	32	"Addaru II"	"17/XI"	5	"attested (P&D pl. I)"
1564807	-429	"Artaxerxes I"	35	"Addaru II"	"17/XIV"	4	"unattested; P&D p. 7: may be regarded as highly probable"
1565723	-426	"Artaxerxes I"	38	"Ululu II"	"17/XVII"	4	"unattested; P&D p. 7: may be regarded as highly probable"
1566639	-424	"Artaxerxes I"	40	"Addaru II"	"17/XIX"	5	"attested (P&D pl. I)"
1567731	-421	"Darius II"	2	"Addaru II"	"18/III"	5	"attested (P&D pl. I)"
1568823	-418	"Darius II"	5	"Addaru II"	"18/VI"	5	"attested (P&D pl. I)"
1569563	-416	"Darius II"	7	"Addaru II"	"18/VIII"	4	"unattested; P&D p. 7: may be regarded as highly probable"
1570654	-413	"Darius II"	10	"Addaru II"	"18/XI"	5	"attested (P&D pl. I)"
1571747	-410	"Darius II"	13	"Addaru II"	"18/XIV"	4	"unattested; P&D p. 7: may be regarded as highly probable"
1572663	-407	"Darius II"	16	"Ululu II"	"18/XVII"	4	"unattested; P&D p. 7: may be regarded as highly probable"
1573578	-405	"Darius II"	18	"Addaru II"	"18/XIX"	4	"unattested; P&D p. 7: may be regarded as highly probable"
1574670	-402	"Artaxerxes II"	2	"Addaru II"	"19/III"	4	"unattested; P&D p. 7: may be regarded as highly probable"
1575763	-399	"Artaxerxes II"	5	"Addaru II"	"19/VI"	4	"unattested; P&D p. 7: may be regarded as highly probable"
1576502	-397	"Artaxerxes II"	7	"Addaru II"	"19/VIII"	4	"unattested; P&D p. 7: may be regarded as highly probable"
1577594	-394	"Artaxerxes II"	10	"Addaru II"	"19/XI"	4	"unattested; P&D p. 7: may be regarded as highly probable"
1578687	-391	"Artaxerxes II"	13	"Addaru II"	"19/XIV"	4	"unattested; P&D p. 7: may be regarded as highly probable"
1579602	-388	"Artaxerxes II"	16	"Ululu II"	"19/XVII"	4	"unattested; P&D p. 7: may be regarded as highly probable"
1580518	-386	"Artaxerxes II"	18	"Addaru II"	"19/XIX"	5	"attested (P&D pl. I)"
1581256	-384	"Artaxerxes II"	20	"Addaru II"	"20/II"	5	"attested (P&D pl. I)"
1582704	-380	"Artaxerxes II"	24	"Addaru II"	"20/VI"	5	"attested (P&D pl. I)"
1583441	-378	"Artaxerxes II"	26	"Addaru II"	"20/VIII"	5	"attested (P&D pl. I)"
1584534	-375	"Artaxerxes II"	29	"Addaru II"	"20/XI"	5	"attested (P&D pl. I)"
1585627	-372	"Artaxerxes II"	32	"Addaru II"	"20/XIV"	5	"attested (P&D pl. I)"
1586542	-369	"Artaxerxes II"	35	"Ululu II"	"20/XVII"	5	"attested (P&D pl. I)"
1587457	-367	"Artaxerxes II"	37	"Addaru II"	"20/XIX"	5	"attested (P&D pl. I)"
1588550	-364	"Artaxerxes II"	40	"Addaru II"	"21/III"	5	"attested (P&D pl. I)"
1589643	-361	"Artaxerxes II"	43	"Addaru II"	"21/VI"	5	"attested (P&D pl. I)"
1590381	-359	"Artaxerxes II"	45	"Addaru II"	"21/VIII"	5	"attested (P&D pl. I)"
1591473	-356	"Artaxerxes III"	2	"Addaru II"	"21/XI"	5	"attested (P&D pl. I)"
1592566	-353	"Artaxerxes III"	5	"Addaru II"	"21/XIV"	5	"attested (P&D pl. I)"
1593482	-350	"Artaxerxes III"	8	"Ululu II"	"21/XVII"	5	"attested (P&D pl. I)"
1594397	-348	"Artaxerxes III"	10	"Addaru II"	"21/XIX"	5	"attested (P&D pl. I)"
1595491	-345	"Artaxerxes III"	13	"Addaru II"	"22/III"	5	"attested (P&D pl. I)"
1596582	-342	"Artaxerxes III"	16	"Addaru II"	"22/VI"	5	"attested (P&D pl. I)"
1597321	-340	"Artaxerxes III"	18	"Addaru II"	"22/VIII"	5	"attested (P&D pl. I)"
1598413	-337	"Artaxerxes III"	21	"Addaru II"	"22/XI"	5	"attested (P&D pl. I)"
1599506	-334	"Darius III"	1	"Addaru II"	"22/XIV"	5	"attested (P&D pl. I)"
1600422	-331	"Darius III"	4	"Ululu II"	"22/XVII"	5	"attested (P&D pl. I)"
1601337	-329	"Alexander I"	7	"Addaru II"	"22/XIX"	5	"attested (P&D pl. I)"
1602430	-326	"Alexander I"	10	"Addaru II"	"23/III"	4	"standardized 19-year cycle (P&D pp. 3, 8)"
1603522	-323	"Alexander I"	13	"Addaru II"	"23/VI"	4	"standardized 19-year cycle (P&D pp. 3, 8)"
1604260	-321	"Philip Arrhidaeus"	2	"Addaru II"	"23/VIII"	4	"standardized 19-year cycle (P&D pp. 3, 8)"
1605353	-318	"Philip Arrhidaeus"	5	"Addaru II"	"23/XI"	4	"standardized 19-year cycle (P&D pp. 3, 8)"
1606446	-315	"Philip Arrhidaeus"	8	"Addaru II"	"23/XIV"	4	"standardized 19-year cycle (P&D pp. 3, 8)"
1607361	-312	"Alexander II"	4	"Ululu II"	"23/XVII"	4	"standardized 19-year cycle (P&D pp. 3, 8)"
1608277	-310	"Seleucid Era"	1	"Addaru II"	"23/XIX"	4	"standardized 19-year cycle (P&D pp. 3, 8)"
1609369	-307	"Seleucid Era"	4	"Addaru II"	"24/III"	4	"standardized 19-year cycle (P&D pp. 3, 8)"
1610462	-304	"Seleucid Era"	7	"Addaru II"	"24/VI"	4	"standardized 19-year cycle (P&D pp. 3, 8)"
1611200	-302	"Seleucid Era"	9	"Addaru II"	"24/VIII"	4	"standardized 19-year cycle (P&D pp. 3, 8)"
1612293	-299	"Seleucid Era"	12	"Addaru II"	"24/XI"	4	"standardized 19-year cycle (P&D pp. 3, 8)"
1613385	-296	"Seleucid Era"	15	"Addaru II"	"24/XIV"	4	"standardized 19-year cycle (P&D pp. 3, 8)"
1614301	-293	"Seleucid Era"	18	"Ululu II"	"24/XVII"	4	"standardized 19-year cycle (P&D pp. 3, 8)"
1615216	-291	"Seleucid Era"	20	"Addaru II"	"24/XIX"	4	"standardized 19-year cycle (P&D pp. 3, 8)"
1616309	-288	"Seleucid Era"	23	"Addaru II"	"25/III"	4	"standardized 19-year cycle (P&D pp. 3, 8)"
1617402	-285	"Seleucid Era"	26	"Addaru II"	"25/VI"	4	"standardized 19-year cycle (P&D pp. 3, 8)"
1618141	-283	"Seleucid Era"	28	"Addaru II"	"25/VIII"	4	"standardized 19-year cycle (P&D pp. 3, 8)"
1619232	-280	"Seleucid Era"	31	"Addaru II"	"25/XI"	4	"standardized 19-year cycle (P&D pp. 3, 8)"
1620325	-277	"Seleucid Era"	34	"Addaru II"	"25/XIV"	4	"standardized 19-year cycle (P&D pp. 3, 8)"
1621241	-274	"Seleucid Era"	37	"Ululu II"	"25/XVII"	4	"standardized 19-year cycle (P&D pp. 3, 8)"
1622156	-272	"Seleucid Era"	39	"Addaru II"	"25/XIX"	4	"standardized 19-year cycle (P&D pp. 3, 8)"
1623249	-269	"Seleucid Era"	42	"Addaru II"	"26/III"	4	"standardized 19-year cycle (P&D pp. 3, 8)"
1624341	-266	"Seleucid Era"	45	"Addaru II"	"26/VI"	4	"standardized 19-year cycle (P&D pp. 3, 8)"
1625080	-264	"Seleucid Era"	47	"Addaru II"	"26/VIII"	4	"standardized 19-year cycle (P&D pp. 3, 8)"
1626172	-261	"Seleucid Era"	50	"Addaru II"	"26/XI"	4	"standardized 19-year cycle (P&D pp. 3, 8)"
1627265	-258	"Seleucid Era"	53	"Addaru II"	"26/XIV"	4	"standardized 19-year cycle (P&D pp. 3, 8)"
1628181	-255	"Seleucid Era"	56	"Ululu II"	"26/XVII"	4	"standardized 19-year cycle (P&D pp. 3, 8)"
1629096	-253	"Seleucid Era"	58	"Addaru II"	"26/XIX"	4	"standardized 19-year cycle (P&D pp. 3, 8)"
1630188	-250	"Seleucid Era"	61	"Addaru II"	"27/III"	4	"standardized 19-year cycle (P&D pp. 3, 8)"
1631281	-247	"Seleucid Era"	64	"Addaru II"	"27/VI"	4	"standardized 19-year cycle (P&D pp. 3, 8)"
1632019	-245	"Seleucid Era"	66	"Addaru II"	"27/VIII"	4	"standardized 19-year cycle (P&D pp. 3, 8)"
1633112	-242	"Seleucid Era"	69	"Addaru II"	"27/XI"	4	"standardized 19-year cycle (P&D pp. 3, 8)"
1634205	-239	"Seleucid Era"	72	"Addaru II"	"27/XIV"	4	"standardized 19-year cycle (P&D pp. 3, 8)"
1635120	-236	"Seleucid Era"	75	"Ululu II"	"27/XVII"	4	"standardized 19-year cycle (P&D pp. 3, 8)"
1636036	-234	"Seleucid Era"	77	"Addaru II"	"27/XIX"	4	"standardized 19-year cycle (P&D pp. 3, 8)"
1637129	-231	"Seleucid Era"	80	"Addaru II"	"28/III"	4	"standardized 19-year cycle (P&D pp. 3, 8)"
1638221	-228	"Seleucid Era"	83	"Addaru II"	"28/VI"	4	"standardized 19-year cycle (P&D pp. 3, 8)"
1638959	-226	"Seleucid Era"	85	"Addaru II"	"28/VIII"	4	"standardized 19-year cycle (P&D pp. 3, 8)"
1640052	-223	"Seleucid Era"	88	"Addaru II"	"28/XI"	4	"standardized 19-year cycle (P&D pp. 3, 8)"
1641144	-220	"Seleucid Era"	91	"Addaru II"	"28/XIV"	4	"standardized 19-year cycle (P&D pp. 3, 8)"
1642060	-217	"Seleucid Era"	94	"Ululu II"	"28/XVII"	4	"standardized 19-year cycle (P&D pp. 3, 8)"
1642975	-215	"Seleucid Era"	96	"Addaru II"	"28/XIX"	4	"standardized 19-year cycle (P&D pp. 3, 8)"
1644068	-212	"Seleucid Era"	99	"Addaru II"	"29/III"	4	"standardized 19-year cycle (P&D pp. 3, 8)"
1645160	-209	"Seleucid Era"	102	"Addaru II"	"29/VI"	4	"standardized 19-year cycle (P&D pp. 3, 8)"
1645899	-207	"Seleucid Era"	104	"Addaru II"	"29/VIII"	4	"standardized 19-year cycle (P&D pp. 3, 8)"
1646991	-204	"Seleucid Era"	107	"Addaru II"	"29/XI"	4	"standardized 19-year cycle (P&D pp. 3, 8)"
1648084	-201	"Seleucid Era"	110	"Addaru II"	"29/XIV"	4	"standardized 19-year cycle (P&D pp. 3, 8)"
1649000	-198	"Seleucid Era"	113	"Ululu II"	"29/XVII"	4	"standardized 19-year cycle (P&D pp. 3, 8)"
1649915	-196	"Seleucid Era"	115	"Addaru II"	"29/XIX"	4	"standardized 19-year cycle (P&D pp. 3, 8)"
1651008	-193	"Seleucid Era"	118	"Addaru II"	"30/III"	4	"standardized 19-year cycle (P&D pp. 3, 8)"
1652100	-190	"Seleucid Era"	121	"Addaru II"	"30/VI"	4	"standardized 19-year cycle (P&D pp. 3, 8)"
1652839	-188	"Seleucid Era"	123	"Addaru II"	"30/VIII"	4	"standardized 19-year cycle (P&D pp. 3, 8)"
1653931	-185	"Seleucid Era"	126	"Addaru II"	"30/XI"	4	"standardized 19-year cycle (P&D pp. 3, 8)"
1655023	-182	"Seleucid Era"	129	"Addaru II"	"30/XIV"	4	"standardized 19-year cycle (P&D pp. 3, 8)"
1655939	-179	"Seleucid Era"	132	"Ululu II"	"30/XVII"	4	"standardized 19-year cycle (P&D pp. 3, 8)"
1656855	-177	"Seleucid Era"	134	"Addaru II"	"30/XIX"	4	"standardized 19-year cycle (P&D pp. 3, 8)"
1657947	-174	"Seleucid Era"	137	"Addaru II"	"31/III"	4	"standardized 19-year cycle (P&D pp. 3, 8)"
1659040	-171	"Seleucid Era"	140	"Addaru II"	"31/VI"	4	"standardized 19-year cycle (P&D pp. 3, 8)"
1659778	-169	"Seleucid Era"	142	"Addaru II"	"31/VIII"	4	"standardized 19-year cycle (P&D pp. 3, 8)"
1660871	-166	"Seleucid Era"	145	"Addaru II"	"31/XI"	4	"standardized 19-year cycle (P&D pp. 3, 8)"
1661963	-163	"Seleucid Era"	148	"Addaru II"	"31/XIV"	4	"standardized 19-year cycle (P&D pp. 3, 8)"
1662879	-160	"Seleucid Era"	151	"Ululu II"	"31/XVII"	4	"standardized 19-year cycle (P&D pp. 3, 8)"
1663795	-158	"Seleucid Era"	153	"Addaru II"	"31/XIX"	4	"standardized 19-year cycle (P&D pp. 3, 8)"
1664887	-155	"Seleucid Era"	156	"Addaru II"	"32/III"	4	"standardized 19-year cycle (P&D pp. 3, 8)"
1665980	-152	"Seleucid Era"	159	"Addaru II"	"32/VI"	4	"standardized 19-year cycle (P&D pp. 3, 8)"
1666718	-150	"Seleucid Era"	161	"Addaru II"	"32/VIII"	4	"standardized 19-year cycle (P&D pp. 3, 8)"
1667811	-147	"Seleucid Era"	164	"Addaru II"	"32/XI"	4	"standardized 19-year cycle (P&D pp. 3, 8)"
1668903	-144	"Seleucid Era"	167	"Addaru II"	"32/XIV"	4	"standardized 19-year cycle (P&D pp. 3, 8)"
1669819	-141	"Seleucid Era"	170	"Ululu II"	"32/XVII"	4	"standardized 19-year cycle (P&D pp. 3, 8)"
1670734	-139	"Seleucid Era"	172	"Addaru II"	"32/XIX"	4	"standardized 19-year cycle (P&D pp. 3, 8)"
1671827	-136	"Seleucid Era"	175	"Addaru II"	"33/III"	4	"standardized 19-year cycle (P&D pp. 3, 8)"
1672920	-133	"Seleucid Era"	178	"Addaru II"	"33/VI"	4	"standardized 19-year cycle (P&D pp. 3, 8)"
1673658	-131	"Seleucid Era"	180	"Addaru II"	"33/VIII"	4	"standardized 19-year cycle (P&D pp. 3, 8)"
1674750	-128	"Seleucid Era"	183	"Addaru II"	"33/XI"	4	"standardized 19-year cycle (P&D pp. 3, 8)"
1675843	-125	"Seleucid Era"	186	"Addaru II"	"33/XIV"	4	"standardized 19-year cycle (P&D pp. 3, 8)"
1676759	-122	"Seleucid Era"	189	"Ululu II"	"33/XVII"	4	"standardized 19-year cycle (P&D pp. 3, 8)"
1677673	-120	"Seleucid Era"	191	"Addaru II"	"33/XIX"	4	"standardized 19-year cycle (P&D pp. 3, 8)"
1678767	-117	"Seleucid Era"	194	"Addaru II"	"34/III"	4	"standardized 19-year cycle (P&D pp. 3, 8)"
1679859	-114	"Seleucid Era"	197	"Addaru II"	"34/VI"	4	"standardized 19-year cycle (P&D pp. 3, 8)"
1680598	-112	"Seleucid Era"	199	"Addaru II"	"34/VIII"	4	"standardized 19-year cycle (P&D pp. 3, 8)"
1681690	-109	"Seleucid Era"	202	"Addaru II"	"34/XI"	4	"standardized 19-year cycle (P&D pp. 3, 8)"
1682783	-106	"Seleucid Era"	205	"Addaru II"	"34/XIV"	4	"standardized 19-year cycle (P&D pp. 3, 8)"
1683698	-103	"Seleucid Era"	208	"Ululu II"	"34/XVII"	4	"standardized 19-year cycle (P&D pp. 3, 8)"
1684613	-101	"Seleucid Era"	210	"Addaru II"	"34/XIX"	4	"standardized 19-year cycle (P&D pp. 3, 8)"
1685706	-98	"Seleucid Era"	213	"Addaru II"	"35/III"	4	"standardized 19-year cycle (P&D pp. 3, 8)"
1686799	-95	"Seleucid Era"	216	"Addaru II"	"35/VI"	4	"standardized 19-year cycle (P&D pp. 3, 8)"
1687537	-93	"Seleucid Era"	218	"Addaru II"	"35/VIII"	4	"standardized 19-year cycle (P&D pp. 3, 8)"
1688630	-90	"Seleucid Era"	221	"Addaru II"	"35/XI"	4	"standardized 19-year cycle (P&D pp. 3, 8)"
1689723	-87	"Seleucid Era"	224	"Addaru II"	"35/XIV"	4	"standardized 19-year cycle (P&D pp. 3, 8)"
1690638	-84	"Seleucid Era"	227	"Ululu II"	"35/XVII"	4	"standardized 19-year cycle (P&D pp. 3, 8)"
1691554	-82	"Seleucid Era"	229	"Addaru II"	"35/XIX"	4	"standardized 19-year cycle (P&D pp. 3, 8)"
1692646	-79	"Seleucid Era"	232	"Addaru II"	"36/III"	4	"standardized 19-year cycle (P&D pp. 3, 8)"
1693738	-76	"Seleucid Era"	235	"Addaru II"	"36/VI"	4	"standardized 19-year cycle (P&D pp. 3, 8)"
1694476	-74	"Seleucid Era"	237	"Addaru II"	"36/VIII"	4	"standardized 19-year cycle (P&D pp. 3, 8)"
1695570	-71	"Seleucid Era"	240	"Addaru II"	"36/XI"	4	"standardized 19-year cycle (P&D pp. 3, 8)"
1696662	-68	"Seleucid Era"	243	"Addaru II"	"36/XIV"	4	"standardized 19-year cycle (P&D pp. 3, 8)"
1697577	-65	"Seleucid Era"	246	"Ululu II"	"36/XVII"	4	"standardized 19-year cycle (P&D pp. 3, 8)"
1698493	-63	"Seleucid Era"	248	"Addaru II"	"36/XIX"	4	"standardized 19-year cycle (P&D pp. 3, 8)"
1699585	-60	"Seleucid Era"	251	"Addaru II"	"37/III"	4	"standardized 19-year cycle (P&D pp. 3, 8)"
1700678	-57	"Seleucid Era"	254	"Addaru II"	"37/VI"	4	"standardized 19-year cycle (P&D pp. 3, 8)"
1701417	-55	"Seleucid Era"	256	"Addaru II"	"37/VIII"	4	"standardized 19-year cycle (P&D pp. 3, 8)"
1702509	-52	"Seleucid Era"	259	"Addaru II"	"37/XI"	4	"standardized 19-year cycle (P&D pp. 3, 8)"
1703601	-49	"Seleucid Era"	262	"Addaru II"	"37/XIV"	4	"standardized 19-year cycle (P&D pp. 3, 8)"
1704517	-46	"Seleucid Era"	265	"Ululu II"	"37/XVII"	4	"standardized 19-year cycle (P&D pp. 3, 8)"
1705432	-44	"Seleucid Era"	267	"Addaru II"	"37/XIX"	4	"standardized 19-year cycle (P&D pp. 3, 8)"
1706525	-41	"Seleucid Era"	270	"Addaru II"	"38/III"	4	"standardized 19-year cycle (P&D pp. 3, 8)"
1707617	-38	"Seleucid Era"	273	"Addaru II"	"38/VI"	4	"standardized 19-year cycle (P&D pp. 3, 8)"
1708356	-36	"Seleucid Era"	275	"Addaru II"	"38/VIII"	4	"standardized 19-year cycle (P&D pp. 3, 8)"
1709448	-33	"Seleucid Era"	278	"Addaru II"	"38/XI"	4	"standardized 19-year cycle (P&D pp. 3, 8)"
1710541	-30	"Seleucid Era"	281	"Addaru II"	"38/XIV"	4	"standardized 19-year cycle (P&D pp. 3, 8)"
1711457	-27	"Seleucid Era"	284	"Ululu II"	"38/XVII"	4	"standardized 19-year cycle (P&D pp. 3, 8)"
1712372	-25	"Seleucid Era"	286	"Addaru II"	"38/XIX"	4	"standardized 19-year cycle (P&D pp. 3, 8)"
1713464	-22	"Seleucid Era"	289	"Addaru II"	"39/III"	4	"standardized 19-year cycle (P&D pp. 3, 8)"
1714557	-19	"Seleucid Era"	292	"Addaru II"	"39/VI"	4	"standardized 19-year cycle (P&D pp. 3, 8)"
1715296	-17	"Seleucid Era"	294	"Addaru II"	"39/VIII"	4	"standardized 19-year cycle (P&D pp. 3, 8)"
1716388	-14	"Seleucid Era"	297	"Addaru II"	"39/XI"	4	"standardized 19-year cycle (P&D pp. 3, 8)"
1717481	-11	"Seleucid Era"	300	"Addaru II"	"39/XIV"	4	"standardized 19-year cycle (P&D pp. 3, 8)"
1718396	-8	"Seleucid Era"	303	"Ululu II"	"39/XVII"	4	"standardized 19-year cycle (P&D pp. 3, 8)"
1719312	-6	"Seleucid Era"	305	"Addaru II"	"39/XIX"	4	"standardized 19-year cycle (P&D pp. 3, 8)"
1720404	-3	"Seleucid Era"	308	"Addaru II"	"40/III"	5	"attested (P&D pl. I)"
1721498	0	"Seleucid Era"	311	"Addaru II"	"40/VI"	5	"attested (P&D pl. I)"
1722235	2	"Seleucid Era"	313	"Addaru II"	"40/VIII"	5	"attested (P&D pl. I)"
1723328	5	"Seleucid Era"	316	"Addaru II"	"40/XI"	5	"attested (P&D pl. I)"
1724421	8	"Seleucid Era"	319	"Addaru II"	"40/XIV"	5	"attested (P&D pl. I)"
1725336	11	"Seleucid Era"	322	"Ululu II"	"40/XVII"	5	"attested (P&D pl. I)"
1726251	13	"Seleucid Era"	324	"Addaru II"	"40/XIX"	5	"attested (P&D pl. I)"
1727344	16	"Seleucid Era"	327	"Addaru II"	"41/III"	5	"attested (P&D pl. I)"
1728437	19	"Seleucid Era"	330	"Addaru II"	"41/VI"	5	"attested (P&D pl. I)"
1729175	21	"Seleucid Era"	332	"Addaru II"	"41/VIII"	5	"attested (P&D pl. I)"
1730267	24	"Seleucid Era"	335	"Addaru II"	"41/XI"	5	"attested (P&D pl. I)"
1731360	27	"Seleucid Era"	338	"Addaru II"	"41/XIV"	5	"attested (P&D pl. I)"
1732276	30	"Seleucid Era"	341	"Ululu II"	"41/XVII"	5	"attested (P&D pl. I)"
1733191	32	"Seleucid Era"	343	"Addaru II"	"41/XIX"	5	"attested (P&D pl. I)"
1734284	35	"Seleucid Era"	346	"Addaru II"	"42/III"	5	"attested (P&D pl. I)"
1735376	38	"Seleucid Era"	349	"Addaru II"	"42/VI"	5	"attested (P&D pl. I)"
1736115	40	"Seleucid Era"	351	"Addaru II"	"42/VIII"	5	"attested (P&D pl. I)"
1737207	43	"Seleucid Era"	354	"Addaru II"	"42/XI"	5	"attested (P&D pl. I)"
